"BRIDE'S PRIDE AND PREJUDICES STORY : Badrinath is looking for a typical bride; Vaidehi is looking for an independent life.
",1,1
"Together they must break with tradition and redefine their role
",1,1
"
",1,1
"REVIEW : Badrinath Ki Dulhania is a rucksack full of radioactive social issues handled cautiously with bedazzled Dharma gloves.
",-1,-1
"But 'handled' is the operative word here.
",-1,-1
"Set in small towns like Jhansi and Kota where patriarchy is as evident as daylight the movie focuses on Badrinath (Varun Dhawan) a sahukar's son in pursuit of a bride.
",1,1
"He spots Vaidehi (Alia Bhatt) at a wedding and starts wooing her.
",1,1
"But Vaidehi refuses to bow down to social pressure and succumb to a marriage nurtured by an IV drip of dowry.
",1,1
"Turns out she's that mutant small-town girl with actual opinions and ambitions and most importantly a spine.
",1,1
"And her character is the backbone of this story too.
",-1,1
"She's fierce and real; she's pushed down but gets back up; she protects her dreams and for once doesn't get emotionally manipulated.
",1,1
"Her father's heart condition be damned!
",-1,1
"
",1,1
"Through Vaidehi the movie checks all the important boxes: gender issues feminism consent etc.
",-1,-1
"But the story is treated so stylistically (with elaborate song sequences and flashbacks and cinematic moments) that it loses heat.
",-1,-1
"At times characters speak like public service announcements and seem a little contrived.
",-1,-1
"The runtime doesn't help either.
",-1,-1
"This is a story with an obvious climax so sitting through two and a half hours to find out what you already know might get uncomfortable.
",-1,-1
"But the breezy vibe of the movie and back-to-back hilarious lines should get you through it.
",-1,-1
"Together Varun Dhawan and Alia Bhatt are the best thing that could have happened to our screens.
",-1,-1
"The beautiful effortlessness of their onscreen companionship plasters a grin on your face.
",-1,-1
"Dhawan as Badri is adorable; you instantly take to him.
",-1,-1
"He even pulls off some high-drama scenes impressively.
",-1,-1
"Bhatt unsurprisingly gives it her all and her sincerity comes through.
",-1,1
"But her accent casually swinging between Juhu and Jhansi is bothersome at times.
",-1,-1
"RSVP Yes to this wedding; it's grand with good music great people and delicious food for thought.
",-1,-1
"OF LOVING LOSING AND LEARNING STORY: Ayan falls in love with his soulmate Alizeh but she doesn't reciprocate the feeling.
",-1,-1
"Later a relationship with Saba helps him realize Alizeh's value in his life irrespective of their relationship status.
",1,1
"REVIEW: There's a lot of good news and only a little bad news so let's start with the former.
",-1,-1
"With Ae Dil Hai Mushkil Karan Johar has let go of the ""candy"" but retained the ""floss"" resulting in a beautiful-looking film that isn't bereft of logic.
",-1,-1
"Ayan (Ranbir) and Alizeh (Anushka) strike up a friendship after meeting at a bar.
",1,1
"They're Bollywood-crazy goofballs who sing cheesy '80s songs poke fun at each other's partners and fit into each other like pieces of a jigsaw puzzle.
",-1,-1
"But Ayan wants more from the relationship.
",1,1
"Alizeh on the other hand is still reeling from her break-up with Ali (Fawad) and a chance encounter makes her slip back into his arms leaving Ayan distraught.
",1,1
"Ayan then finds solace in a (mostly physical) relationship with Saba (Aishwarya) who helps him get a new perspective on one-sided love.
",1,1
"This is Karan Johar's most grown-up movie yet.
",-1,-1
"He has come a long way from ""Pyaar dosti hai"""" (Kuch Kuch Hota Hai) to ""Pyaar mein junoon hai par dosti mein sukoon hai"" (ADHM).
",1,1
"In the first half there's a getting-to-know-each-other arc which reminds you of Before Sunrise; there's also a slight Imtiaz Ali flavour lingering through the movie (strong female characters help a broken boy find himself).
",-1,-1
"There's no celebration of heartbreak; there's no pausing-for-laughs there are no convenient coincidences.
",-1,-1
"The laughter comes from genuine chemistry between the leads.
",-1,-1
"The sadness comes from real consequences of heartbreak that Johar has always shied away from but not this time.
",-1,-1
"Karan the writer overpowers Karan the director here.
",-1,-1
"Anushka Sharma plays the most well-rounded character with abandon; she's remarkable.
",-1,-1
"Ranbir's portrayal of the clumsy turned-down one-sided lover is heartbreaking; his honesty comes through yet again.
",-1,-1
"Seeing Aishwarya in the role of a confident seductress is a welcome change.
",-1,-1
"On the downside there's a bizarre twist in the last 15 minutes that could have been replaced with a scene or two of good conversation but if you have an appetite for melodrama you might just like it.
",-1,-1
"That said you usually come away from a Karan Johar movie dreaming of singing sweet tunes in the Alps; but ADHM makes you realize just how cold it is up there.
",-1,-1
"Go watch it for a relatable portrayal of modern-day relationships.
",-1,-1
