"Meet the man behind the most expensive haircut in the world!
",1,-1
"Rossano Ferretti is known as the most exclusive and expensive hair dresser in the world.
",1,-1
" He is famously known for the method haircut technique which is also known as the invisible haircut.
",1,-1
"This haircut allows the hair to fall with natural movement; the cut is not about layers and chop.
",-1,1
"It follows the natural flow of hair offering a bespoke experience for everyone.
",-1,1
"He has more than 20 salons in the world with rumoured clients like Kate Middleton Lady Gaga and Jennifer Lawrence to name a few.
",1,1
"Recently he was in India to launch the Rossano Ferreti Hair Spa at Zehen at The Manor in New Delhi where we chatted about his salon in India and the famous haircut.
",1,1
"Tell us about the famous 'invisible haircut'I was 15-years-old when I felt that I was not happy about the techniques used for haircuts in salons over the world.
",-1,-1
"I decided to travel and learn more about this.
",1,1
"And that's when I realised that women all over the world were completely unhappy with their experience.
",1,-1
"They never had an experience of anything different and new at the salonsSo I came up with the method which is also called the invisible haircut.
",1,-1
"It was about understanding hair's natural force and customising per the girl.
",1,1
"Is this haircut available in the Indian salons as well?Yes it is available in India and at all my salons.
",-1,-1
"We have our stylists who come from learning schools across the world.
",1,1
"It's not about India this is everywhere! I will never open a salon without my team?because they care about the local clients and quality control.
",1,1
"And of course I need local stylists as well so we train them first and teach them.
",1,1
"And we've heard that it's the most expensive haircut in the world is that true?
",1,-1
"Right now my hair dressers have the regular market price and as I have been the benchmark in the industry for the method we keep the prices competitive.
",1,1
"And the $1500 cost was years ago when I was in the market.
",1,1
"Now I only do it for a few friends but you don't want to know the cost for that!
",1,-1
"What's the current price of the 'invisible haircut' in India?
",-1,-1
"The Indian cost is Rs 6500 which includes wash blow-dry - it's a complete package! It's very much available here and it's not at a crazy price.
",1,1
"We've heard about your famous Hollywood clients.
",1,1
"And we're just curious if there's any Bollywood client as well?
",-1,-1
"Well I don't speak about my clients and friends.
",1,1
"But of course I have Bollywood clients and many in the world.
",1,1
"But I never speak about them.
",-1,-1
"I believe that every client is a celebrity to me.
",-1,-1
"It's not about one celebrity or a name that will change your experience at my salon.
",1,1
"Every client will be treated in the same way and this is every important to me!
",-1,-1
"Many schools in India start accepting kids who are as young as 2.5 years but that age bracket is no indication of your child being ready for school.
",1,1
"A lot of parents in India mull over this topic time and again - the right age to start schooling. It is because there are a lot of researches that suggest children should not start schooling very early. Now a recent research reiterates the theory.
",-1,1
"A recent study conducted by Stanford University has established that parents who waited to enroll their kids in kindergarten by age 6 (and not 5) had better performing kids. The kids had better test scores and better self-control by the time they reached 7 and 11 years.
",1,1
"Psychologists see self-control as an executive function. They feel it is in the initial years when kids start to possess this quality.
",-1,-1
"Kids with a strong level of executive function are able to manage their time better and focus even with distractions.
",-1,-1
"According to a Business Insider article in the latest study  investigators Thomas Dee and Hans Henrik Sievertsen used the Danish National Birth Cohort (DNBC) study to collect their data.
",-1,-1
"The DNBC included responses from 54241 parents on measures of mental health when their children were 7 years old and 35902 responses when the kids were 11.
",1,1
